Date,Price,Open,High,Low,Vol.,Change %
10/12/2023,94.42,94.48,94.54,94.31,7.32M,-0.05%
10/11/2023,94.47,94.3,94.57,94.11,11.49M,0.14%
10/10/2023,94.34,94.38,94.49,94.18,5.14M,0.00%
10/9/2023,94.34,94.17,94.44,94.17,4.69M,0.11%
10/6/2023,94.24,94,94.26,93.94,8.13M,0.61%
10/5/2023,93.67,93.85,93.93,93.65,4.27M,-0.09%
10/4/2023,93.75,93.87,94.04,93.63,6.95M,-0.15%
10/3/2023,93.89,93.81,93.99,93.76,4.89M,-0.05%
10/2/2023,93.94,93.68,93.94,93.6,6.63M,0.33%
9/29/2023,93.63,93.6,93.89,93.45,8.62M,0.10%
9/28/2023,93.54,93.9,93.98,93.38,10.83M,-0.40%
9/27/2023,93.92,94,94.1,93.71,9.30M,-0.09%
9/26/2023,94,94,94.21,94,6.69M,-0.05%
9/25/2023,94.05,93.92,94.08,93.92,6.85M,0.14%
9/22/2023,93.92,94.06,94.11,93.86,19.82M,1.70%
9/21/2023,92.35,92.41,92.57,92.29,6.01M,-0.23%
9/20/2023,92.56,92.41,92.61,92.3,7.56M,0.53%
9/19/2023,92.07,91.92,92.21,91.9,3.74M,0.17%
9/18/2023,91.91,92.04,92.05,91.82,4.56M,0.10%
9/15/2023,91.82,92.16,92.33,91.73,13.51M,-0.43%
9/14/2023,92.22,92.32,92.46,92.15,6.84M,-0.05%
9/13/2023,92.27,92.22,92.47,92.15,4.44M,0.15%
9/12/2023,92.13,92.06,92.33,92.03,3.06M,-0.05%
9/11/2023,92.18,92.12,92.44,92.11,3.48M,0.07%
9/8/2023,92.12,92.1,92.24,92.01,5.37M,0.12%
9/7/2023,92.01,92.15,92.15,91.99,3.70M,-0.07%
9/6/2023,92.07,92.04,92.11,91.99,4.38M,0.04%
9/5/2023,92.03,91.95,92.18,91.9,5.15M,-0.01%
9/1/2023,92.04,92.05,92.2,91.95,4.61M,0.05%
8/31/2023,91.99,91.88,92.06,91.86,6.67M,0.01%
8/30/2023,91.98,91.88,92.04,91.75,4.86M,0.00%
8/29/2023,91.98,91.75,92.1,91.75,5.13M,0.23%
8/28/2023,91.77,91.81,92.01,91.75,5.01M,0.12%
8/25/2023,91.66,91.41,91.83,91.38,4.36M,0.27%
8/24/2023,91.41,91.63,91.96,91.4,6.05M,-0.36%
8/23/2023,91.74,91.55,91.83,91.41,5.49M,0.09%
8/22/2023,91.66,91.97,92.1,91.47,11.05M,1.04%
8/21/2023,90.72,90.77,90.97,90.65,4.48M,0.28%
8/18/2023,90.47,90.5,91,90.29,13.09M,0.04%
8/17/2023,90.43,91,91.02,90.4,8.50M,-0.46%
8/16/2023,90.85,91,91.25,90.85,4.16M,-0.07%
8/15/2023,90.91,91,91.1,90.77,5.46M,0.13%
8/14/2023,90.79,91.1,91.2,90.75,6.12M,-0.46%
8/11/2023,91.21,91.3,91.31,90.93,6.91M,-0.23%
8/10/2023,91.42,91.67,91.67,91.27,4.84M,-0.02%
8/9/2023,91.44,91.59,92,91.42,7.53M,-0.16%
8/8/2023,91.59,91.57,91.79,91.52,5.58M,0.02%
8/7/2023,91.57,91.79,91.85,91.52,4.98M,-0.01%
8/4/2023,91.58,91.68,91.82,91.54,6.04M,-0.11%
8/3/2023,91.68,91.55,92,91.5,7.49M,0.05%
8/2/2023,91.63,91.64,91.9,91.52,7.36M,-0.28%
8/1/2023,91.89,91.79,92.13,91.7,8.03M,-0.94%
7/31/2023,92.76,92.56,92.78,92.43,10.71M,0.25%
7/28/2023,92.53,92.35,92.69,92.34,5.64M,0.42%
7/27/2023,92.14,92.67,92.79,92.14,9.45M,-0.57%
7/26/2023,92.67,92.66,92.92,92.47,8.39M,-0.06%
7/25/2023,92.73,92.5,92.86,92.46,6.54M,0.19%
7/24/2023,92.55,91.93,92.6,91.85,7.87M,0.70%
7/21/2023,91.91,92.35,92.4,91.89,12.93M,-0.41%
7/20/2023,92.29,92.1,92.56,92.09,14.76M,0.10%
7/19/2023,92.2,92.63,92.75,91.78,40.00M,-0.58%
7/18/2023,92.74,92.53,93.01,92.21,21.67M,-0.50%
7/17/2023,93.21,93.54,93.67,92.12,39.50M,3.49%
7/14/2023,90.07,91.1,91.5,89.74,63.83M,0.59%
7/13/2023,89.54,90,90.7,89.44,22.04M,-0.51%
7/12/2023,90,90.04,90.71,89.05,27.91M,-1.09%
7/11/2023,90.99,82.56,92.91,82.55,77.48M,10.02%
7/10/2023,82.7,82.76,83.23,82.62,7.13M,0.33%
7/7/2023,82.43,82.78,83.31,82.22,4.82M,-0.33%
7/6/2023,82.7,82.4,82.92,81.99,3.97M,-0.21%
7/5/2023,82.87,82.97,83.42,82.09,5.15M,-0.56%
7/3/2023,83.34,83.99,84.2,83.18,4.15M,-1.14%
6/30/2023,84.3,83.5,84.72,83.5,6.88M,1.47%
6/29/2023,83.08,83.09,85,82.39,8.47M,-0.62%
6/28/2023,83.6,84.5,84.63,83.48,6.87M,-0.63%
6/27/2023,84.13,83.25,84.62,83.22,6.55M,0.88%
6/26/2023,83.4,82.25,83.71,82.12,7.87M,1.83%
6/23/2023,81.9,82.04,82.4,81.62,6.74M,-0.49%
6/22/2023,82.3,80.48,82.32,80.3,4.87M,1.68%
6/21/2023,80.94,81.65,81.84,80.83,5.28M,-1.16%
6/20/2023,81.89,81.69,81.99,81.55,5.24M,-0.10%
6/16/2023,81.97,81.35,82.22,80.94,12.24M,0.64%
6/15/2023,81.45,81.42,81.58,80.58,7.02M,0.27%
6/14/2023,81.23,81.27,81.77,80.95,7.95M,0.66%
6/13/2023,80.7,80.2,81.45,79.87,8.28M,1.17%
6/12/2023,79.77,80.38,80.4,79.7,7.90M,-0.76%
6/9/2023,80.38,79.98,80.69,79.96,5.82M,0.45%
6/8/2023,80.02,80.51,80.76,79.88,4.44M,-0.60%
6/7/2023,80.5,80.88,80.95,79.53,5.52M,-0.47%
6/6/2023,80.88,81,81.05,80.46,4.72M,0.05%
6/5/2023,80.84,80.85,81.15,80.6,4.03M,0.42%
6/2/2023,80.5,80.24,80.63,79.83,5.90M,0.37%
6/1/2023,80.2,80.25,81.22,80,8.67M,0.00%
5/31/2023,80.2,80.1,80.81,79.68,9.22M,0.22%
5/30/2023,80.02,79,80.27,78.89,7.99M,1.73%
5/26/2023,78.66,77.35,78.79,77.02,5.24M,1.97%
5/25/2023,77.14,77.58,77.59,76.76,6.82M,-0.86%
5/24/2023,77.81,79.05,79.39,77.77,5.33M,-1.67%
5/23/2023,79.13,79.1,79.5,78.74,5.28M,0.09%
5/22/2023,79.06,78.71,79.35,78.59,8.16M,0.60%
5/19/2023,78.59,78.25,78.78,78.11,6.30M,0.51%
5/18/2023,78.19,78,78.35,77.52,5.27M,0.39%
5/17/2023,77.89,77.77,78.18,77.35,4.64M,0.14%
5/16/2023,77.78,77.71,78.04,77.14,6.49M,-0.70%
5/15/2023,78.33,77.31,78.82,77.11,12.91M,1.24%
5/12/2023,77.37,76.6,78.18,76.6,5.80M,0.43%
5/11/2023,77.04,76.27,77.27,76.06,6.94M,1.37%
5/10/2023,76,76.6,76.65,75.5,7.23M,0.65%
5/9/2023,75.51,75.27,75.55,74.89,4.75M,-0.05%
5/8/2023,75.55,75.68,76.05,75.44,4.07M,-0.59%
5/5/2023,76,74.83,76.03,74.81,5.20M,1.89%
5/4/2023,74.59,74.9,74.93,73.61,9.61M,-0.85%
5/3/2023,75.23,75.75,76.18,75.14,5.60M,-1.01%
5/2/2023,76,77.04,77.1,75.5,9.07M,-1.85%
5/1/2023,77.43,77.6,77.84,77.29,5.70M,-0.36%
4/28/2023,77.71,77.66,77.89,76.94,9.83M,0.13%
4/27/2023,77.61,77.17,77.86,76.82,12.13M,1.04%
4/26/2023,76.81,79.1,79.77,76.5,50.15M,-11.45%
4/25/2023,86.74,85.91,87.01,85.56,13.32M,0.76%
4/24/2023,86.09,85.25,86.25,85.08,8.07M,0.65%
4/21/2023,85.53,85.7,85.94,85.44,5.61M,-0.05%
4/20/2023,85.57,85.66,86.12,85.49,7.03M,0.08%
4/19/2023,85.5,85.41,85.75,85.4,5.05M,-0.06%
4/18/2023,85.55,85.6,85.86,85.33,5.00M,0.06%
4/17/2023,85.5,85.08,85.53,84.62,4.58M,0.27%
4/14/2023,85.27,85.28,85.64,85.06,3.54M,-0.36%
4/13/2023,85.58,85.37,85.79,85.26,5.45M,0.74%
4/12/2023,84.95,85.28,85.5,84.87,7.10M,-0.16%
4/11/2023,85.09,85.26,85.68,84.99,8.33M,-0.46%
4/10/2023,85.48,85.24,85.6,84.96,4.90M,0.31%
4/6/2023,85.22,85.5,85.65,85.18,6.62M,-0.19%
4/5/2023,85.38,85.2,85.88,84.9,7.01M,0.32%
4/4/2023,85.11,85.13,85.57,85.01,6.54M,-0.26%
4/3/2023,85.33,85.41,85.67,84.46,6.46M,-0.30%
3/31/2023,85.59,84.95,85.74,84.7,5.24M,0.82%
3/30/2023,84.89,84.75,85.1,84.62,5.05M,0.41%
3/29/2023,84.54,84.39,84.6,84.15,6.68M,0.23%
3/28/2023,84.35,84.5,84.75,84.04,5.44M,0.02%
3/27/2023,84.33,84.12,84.93,84.08,7.29M,-0.07%
3/24/2023,84.39,84.84,85.72,83.32,24.51M,5.91%
3/23/2023,79.68,79.57,80.2,79.25,4.25M,1.32%
3/22/2023,78.64,79.5,79.99,78.62,3.59M,-1.39%
3/21/2023,79.75,79.51,80.01,79.45,5.40M,0.52%
3/20/2023,79.34,79.16,79.49,77.5,6.44M,0.44%
3/17/2023,78.99,80.21,80.28,78.78,9.41M,-1.10%
3/16/2023,79.87,78.86,80.39,78.83,4.88M,0.77%
3/15/2023,79.26,78.94,79.28,78.56,7.14M,0.21%
3/14/2023,79.09,78.33,79.47,78.24,5.39M,1.22%
3/13/2023,78.14,77.94,78.98,77.36,5.73M,0.22%
3/10/2023,77.97,78.43,78.54,77.23,5.30M,-0.51%
3/9/2023,78.37,79.83,79.83,78.11,4.77M,-1.40%
3/8/2023,79.48,79.3,79.7,79.06,4.29M,0.28%
3/7/2023,79.26,79.61,80.25,79.14,5.33M,-0.46%
3/6/2023,79.63,79.67,79.97,79.22,4.55M,0.30%
3/3/2023,79.39,78.43,79.6,78.13,9.11M,2.16%
3/2/2023,77.71,76.47,77.92,75.93,8.16M,2.63%
3/1/2023,75.72,76.16,76.48,75.64,4.26M,-0.70%
2/28/2023,76.25,76.74,76.74,76.06,4.43M,-0.64%
2/27/2023,76.74,77.07,77.16,76.32,3.91M,-0.10%
2/24/2023,76.82,76.67,76.9,76.47,3.90M,-0.32%
2/23/2023,77.07,77.16,77.25,76.64,4.02M,-0.06%
2/22/2023,77.12,77.28,77.5,77,3.94M,0.16%
2/21/2023,77,77.45,77.59,76,6.89M,-0.73%
2/17/2023,77.57,77.11,77.57,76.83,5.36M,0.08%
2/16/2023,77.51,77.4,77.87,76.76,4.92M,-0.24%
2/15/2023,77.7,76.33,77.96,75.85,6.59M,1.20%
2/14/2023,76.78,76.78,77.15,76.02,6.10M,0.25%
2/13/2023,76.59,75.88,76.92,75.65,5.37M,1.51%
2/10/2023,75.45,75.47,76.39,75.12,6.92M,0.25%
2/9/2023,75.26,73.55,75.63,73.48,12.59M,3.25%
2/8/2023,72.89,73,74.75,72.45,26.71M,-3.58%
2/7/2023,75.6,74.65,75.97,74.14,14.87M,5.62%
2/6/2023,71.58,73.75,73.85,71.4,13.20M,-4.86%
2/3/2023,75.24,76.64,76.78,75.03,5.78M,-2.43%
2/2/2023,77.11,76.5,77.39,76.07,4.68M,0.53%
2/1/2023,76.7,76,76.82,75.58,4.57M,0.17%
1/31/2023,76.57,76.13,77,75.85,4.12M,0.80%
1/30/2023,75.96,76.63,77.08,75.84,3.92M,-0.85%
1/27/2023,76.61,75.5,76.76,75.22,4.38M,1.34%
1/26/2023,75.6,74.79,75.66,74.65,3.96M,1.29%
1/25/2023,74.64,75,75.11,74.53,3.98M,-0.63%
1/24/2023,75.11,75,75.43,74.5,5.06M,-0.15%
1/23/2023,75.22,73.82,75.41,73.81,6.27M,1.87%
1/20/2023,73.84,73.52,74.01,73.39,7.35M,0.11%
1/19/2023,73.76,74.48,74.5,73.7,5.31M,-0.97%
1/18/2023,74.48,74.62,74.74,73.38,7.91M,-0.11%
1/17/2023,74.56,75.89,75.96,74.42,10.04M,-2.74%
1/13/2023,76.66,76.89,76.9,76.18,4.33M,-0.31%
1/12/2023,76.9,76.89,77.28,76.5,4.89M,-0.13%
1/11/2023,77,77.69,77.76,76.93,5.06M,-0.89%
1/10/2023,77.69,77.04,77.95,77.04,5.13M,0.61%
1/9/2023,77.22,77.5,78.18,77.18,8.17M,-0.48%
1/6/2023,77.59,77.15,77.71,77.08,5.44M,0.82%
1/5/2023,76.96,76.6,77.29,76.6,3.72M,0.16%
1/4/2023,76.84,77.37,77.4,76.49,4.80M,-0.05%
1/3/2023,76.88,76.6,76.93,76.4,3.99M,0.43%
12/30/2022,76.55,76.5,76.66,76.22,2.71M,-0.27%
12/29/2022,76.76,76.04,76.87,76.03,3.15M,0.93%
12/28/2022,76.05,75.64,76.48,75.5,3.02M,0.34%
12/27/2022,75.79,75.9,76.04,75.54,1.70M,-0.21%
12/23/2022,75.95,75.7,76.07,75.5,2.07M,0.33%
12/22/2022,75.7,75.62,75.94,75.54,3.14M,-0.25%
12/21/2022,75.89,75.97,76.21,75.47,4.92M,0.01%
12/20/2022,75.88,75.7,76.32,75.68,3.16M,-0.14%
12/19/2022,75.99,76.15,76.47,75.94,3.09M,-0.12%
12/16/2022,76.08,76.05,76.59,75.92,8.68M,-0.38%
12/15/2022,76.37,76.71,76.81,76.26,6.94M,-0.87%
12/14/2022,77.04,76.66,77.41,76.66,4.89M,0.40%
12/13/2022,76.73,77.35,77.35,76.45,8.22M,-0.81%
12/12/2022,77.36,75,77.55,74.38,11.17M,2.93%
12/9/2022,75.16,74.51,75.47,74.05,8.25M,0.54%
12/8/2022,74.76,75.44,75.52,73,19.25M,-1.54%
12/7/2022,75.93,76.76,77.08,74.75,11.77M,-0.24%
12/6/2022,76.11,76.59,76.93,76.1,8.01M,-0.29%
12/5/2022,76.33,76.99,77.01,76.04,7.53M,0.75%
12/2/2022,75.76,74.7,75.97,74.57,6.15M,0.76%
12/1/2022,75.19,74.43,75.44,73.92,7.39M,1.68%
11/30/2022,73.95,73.78,74,73.45,9.74M,-0.52%
11/29/2022,74.34,74.25,74.54,73.8,6.28M,-0.51%
11/28/2022,74.72,74.57,75.67,73.65,10.88M,1.70%
11/25/2022,73.47,73.89,74.27,73.05,9.18M,-4.07%
11/23/2022,76.59,75.9,76.6,75.74,3.94M,0.94%
11/22/2022,75.88,75.29,76.06,74.96,5.30M,1.44%
11/21/2022,74.8,74.1,74.91,73.75,6.22M,0.94%
11/18/2022,74.1,74.16,74.29,73.84,7.75M,0.39%
11/17/2022,73.81,73.4,74.11,73.38,7.08M,-0.73%
11/16/2022,74.35,74.11,74.64,73.99,5.51M,0.64%
11/15/2022,73.88,74.6,74.67,73.28,6.77M,-0.11%
11/14/2022,73.96,74.36,74.44,73.92,5.49M,-0.24%
11/11/2022,74.14,73.75,74.47,73.57,4.45M,0.71%
11/10/2022,73.62,72.6,73.74,72.03,9.19M,2.74%
11/9/2022,71.66,71.86,72.21,71.64,4.42M,-0.47%
11/8/2022,72,71.75,72.56,71.35,8.81M,1.27%
11/7/2022,71.1,71.51,71.68,70.94,8.74M,-1.20%
11/4/2022,71.96,72.08,72.34,71.45,4.33M,0.08%
11/3/2022,71.9,72.5,72.9,71.72,4.45M,-1.05%
11/2/2022,72.66,73.86,73.96,72.61,5.53M,-0.89%
11/1/2022,73.31,73.26,74.01,73.22,5.81M,0.70%
10/31/2022,72.8,72.93,73.25,72.4,6.63M,-0.07%
10/28/2022,72.85,72.53,73.05,72.32,7.21M,0.48%
10/27/2022,72.5,72.36,72.82,72.05,4.54M,0.03%
10/26/2022,72.48,72.84,73.04,72.36,6.09M,-0.03%
10/25/2022,72.5,72.73,72.99,72.44,6.58M,-0.01%
10/24/2022,72.51,72.83,72.83,71.89,4.50M,-0.28%
10/21/2022,72.71,72.93,73.17,72.43,4.37M,-0.82%
10/20/2022,73.31,72.24,73.83,72.24,5.18M,1.52%
10/19/2022,72.21,72.01,72.47,71.79,4.60M,-0.07%
10/18/2022,72.26,72.23,72.5,72.03,5.31M,0.70%
10/17/2022,71.76,72.8,72.93,71.71,14.49M,-0.51%
10/14/2022,72.13,73.44,73.66,72.08,5.14M,-1.35%
10/13/2022,73.12,72.92,73.89,72.41,6.17M,-0.52%
10/12/2022,73.5,73.54,73.65,73.17,4.10M,-0.07%
10/11/2022,73.55,73.6,74.02,73.25,5.38M,-0.27%
10/10/2022,73.75,73.35,74.11,73.28,4.28M,0.55%
10/7/2022,73.35,73.59,73.73,73.04,4.21M,-0.65%
10/6/2022,73.83,74.09,74.39,73.64,5.82M,-0.38%
10/5/2022,74.11,74.84,75,73.83,7.54M,-1.19%
10/4/2022,75,74.71,75.38,74.56,9.47M,0.86%
10/3/2022,74.36,74.41,74.8,74.11,4.56M,0.03%
9/30/2022,74.34,74.9,75.3,74.22,9.50M,-0.71%
9/29/2022,74.87,75.19,75.36,74.33,5.98M,-0.69%
9/28/2022,75.39,74.86,75.72,74.42,7.53M,0.71%
9/27/2022,74.86,74.7,75.33,74.47,6.33M,0.71%
9/26/2022,74.33,74.84,75.32,74.25,5.57M,-0.83%
9/23/2022,74.95,76.59,76.66,74.82,8.18M,-2.70%
9/22/2022,77.03,75.31,77.23,75.18,8.43M,2.27%
9/21/2022,75.32,75.18,76.14,74.83,5.32M,0.37%
9/20/2022,75.04,76,76.15,75,4.84M,-1.19%
9/19/2022,75.94,75.85,76.28,75.51,5.84M,-0.11%
9/16/2022,76.02,76.71,77.07,75.78,18.97M,-1.05%
9/15/2022,76.83,76.5,77.22,76.31,5.48M,0.30%
9/14/2022,76.6,77,77.14,76.04,7.49M,-0.21%
9/13/2022,76.76,77.49,78.04,76.64,5.87M,-1.75%
9/12/2022,78.13,78.75,78.92,77.95,4.80M,-0.48%
9/9/2022,78.51,77.57,78.58,77.37,5.83M,1.45%
9/8/2022,77.39,77.62,77.69,77,6.20M,-0.42%
9/7/2022,77.72,76.88,77.86,76.77,3.83M,1.15%
9/6/2022,76.84,77.59,77.6,76.67,6.64M,-0.89%
9/2/2022,77.53,78.5,78.56,77.36,4.33M,-1.30%
9/1/2022,78.55,78.21,79,78.1,4.87M,0.08%
8/31/2022,78.49,78.98,79.14,78.47,4.22M,-0.17%
8/30/2022,78.62,78.83,78.94,78.47,4.11M,-0.17%
8/29/2022,78.75,78.55,79.08,78.5,3.66M,0.15%
8/26/2022,78.63,79.42,79.5,78.58,5.15M,-0.56%
8/25/2022,79.07,79.5,79.52,78.32,4.48M,-0.26%
8/24/2022,79.28,79.36,79.73,79.13,3.47M,-0.08%
8/23/2022,79.34,79.53,79.77,79.3,2.82M,-0.53%
8/22/2022,79.76,79.83,80.07,79.61,3.72M,-0.64%
8/19/2022,80.27,80.33,81.5,79.97,4.69M,-0.21%
8/18/2022,80.44,80.71,80.75,80.23,3.26M,-0.11%
8/17/2022,80.53,80.76,80.91,79.81,7.25M,-0.48%
8/16/2022,80.92,80.81,81.17,80.55,5.65M,0.24%
8/15/2022,80.73,80.6,80.8,80.38,4.12M,-0.07%
8/12/2022,80.79,80.75,80.95,80.66,5.82M,0.35%
8/11/2022,80.51,81,81.13,80.5,2.63M,-0.49%
8/10/2022,80.91,81.14,81.22,80.49,5.31M,0.40%
8/9/2022,80.59,81.1,81.24,80.41,4.69M,-0.51%
8/8/2022,81,80.57,81.05,80.57,7.41M,0.63%
8/5/2022,80.49,80.18,80.65,80.03,2.38M,-0.21%
8/4/2022,80.66,80.65,81.31,80.6,3.67M,0.09%
8/3/2022,80.59,79.54,80.71,79.5,6.73M,1.60%
8/2/2022,79.32,79.95,80.35,79.17,4.30M,-0.95%
8/1/2022,80.08,79.97,80.31,79.47,3.22M,0.16%
7/29/2022,79.95,79.42,80.24,79.11,3.86M,0.55%
7/28/2022,79.51,79.79,79.79,79.34,4.55M,-0.35%
7/27/2022,79.79,79.6,80,79.3,5.01M,0.42%
7/26/2022,79.46,79.9,79.95,79.07,3.56M,-0.24%
7/25/2022,79.65,79.65,79.98,78.78,5.06M,0.53%
7/22/2022,79.23,79.53,79.53,78.89,2.98M,-0.33%
7/21/2022,79.49,79.35,79.53,79.1,3.48M,0.24%
7/20/2022,79.3,78.83,79.38,78.35,4.27M,0.85%
7/19/2022,78.63,77.4,78.71,77.18,5.74M,2.13%
7/18/2022,76.99,77.57,78.07,76.88,5.76M,-0.52%
7/15/2022,77.39,76.41,77.41,76.23,5.73M,1.51%
7/14/2022,76.24,75.65,76.44,75.38,3.25M,0.37%
7/13/2022,75.96,76.06,76.55,75.79,4.95M,-0.76%
7/12/2022,76.54,77.9,78.21,76.4,6.60M,-1.61%
7/11/2022,77.79,77.92,78.38,77.61,3.05M,-0.44%
7/8/2022,78.13,78.15,78.81,77.86,4.16M,-0.61%
7/7/2022,78.61,78.24,78.72,77.61,4.36M,0.31%
7/6/2022,78.37,78.57,78.86,78.1,3.11M,-0.63%
7/5/2022,78.87,78.55,79,77.79,5.15M,0.38%
7/1/2022,78.57,77.97,78.68,77.7,4.21M,0.91%
6/30/2022,77.86,77.6,78.11,77.19,4.20M,-0.13%
6/29/2022,77.96,77.35,78.15,77.18,4.53M,1.04%
6/28/2022,77.16,78.1,78.24,76.94,4.22M,-1.09%
6/27/2022,78.01,77.63,78.32,77.34,5.84M,0.09%
6/24/2022,77.94,76.78,78.03,76.57,6.54M,1.90%
6/23/2022,76.49,76.3,76.67,75.77,3.61M,1.04%
6/22/2022,75.7,75.5,76.25,75.5,4.18M,-0.46%
6/21/2022,76.05,75.11,76.31,75.1,6.81M,1.79%
6/17/2022,74.71,74,75.27,73.72,9.41M,1.06%
6/16/2022,73.93,75,75.4,73.71,7.50M,-1.88%
6/15/2022,75.35,75.13,75.91,74.47,5.68M,0.95%
6/14/2022,74.64,75.25,75.4,74.24,3.85M,-0.16%
6/13/2022,74.76,75.93,76.01,74.72,5.92M,-2.25%
6/10/2022,76.48,76.5,77.02,76.05,3.82M,-0.39%
6/9/2022,76.78,77.51,77.69,76.62,4.30M,-1.09%
6/8/2022,77.63,77.94,78.15,77.47,2.46M,-0.51%
6/7/2022,78.03,77.63,78.1,77.53,2.19M,0.31%
6/6/2022,77.79,78.2,78.51,77.72,3.47M,-0.13%
6/3/2022,77.89,77.84,78.11,77.66,2.64M,-0.43%
6/2/2022,78.23,77.5,78.29,77.33,3.41M,1.06%
6/1/2022,77.41,78.05,78.21,77.04,4.17M,-0.60%
5/31/2022,77.88,77.88,78.83,77.36,11.77M,-0.41%
5/27/2022,78.2,78.21,78.64,77.93,3.55M,0.27%
5/26/2022,77.99,77.59,78.12,77.36,4.49M,0.36%
5/25/2022,77.71,77.07,77.77,77,3.47M,0.88%
5/24/2022,77.03,77.07,77.33,76.4,4.91M,-0.22%
5/23/2022,77.2,77.94,78.15,77.1,4.13M,-0.26%
5/20/2022,77.4,78.06,78.21,77.01,4.90M,-0.44%
5/19/2022,77.74,77.92,78.29,77.41,4.84M,-0.23%
5/18/2022,77.92,78.53,78.62,77.79,3.92M,-0.79%
5/17/2022,78.54,78.5,78.57,78,4.09M,0.69%
5/16/2022,78,77.48,78.03,77.38,3.48M,0.33%
5/13/2022,77.74,77.43,78.32,77.34,4.68M,0.47%
5/12/2022,77.38,76.88,77.87,76.5,5.11M,-0.12%
5/11/2022,77.47,76.68,78.14,76.45,6.49M,0.72%
5/10/2022,76.92,77.71,77.88,76.15,6.76M,-0.32%
5/9/2022,77.17,77.42,77.64,76.34,8.48M,-0.86%
5/6/2022,77.84,78.7,78.86,77.48,10.36M,-1.17%
5/5/2022,78.76,79.11,79.11,78.53,7.75M,-0.61%
5/4/2022,79.24,79.08,79.5,78.66,8.10M,0.58%
5/3/2022,78.78,78.5,79.39,78.18,10.98M,0.92%
5/2/2022,78.06,77.17,78.22,76.94,14.71M,3.25%
4/29/2022,75.6,76.41,76.75,75.33,8.85M,-1.43%
4/28/2022,76.7,76.45,77.36,76.18,8.16M,0.79%
4/27/2022,76.1,76.82,77.28,76.06,7.32M,-1.25%
4/26/2022,77.06,77.82,78.06,77.02,10.78M,-1.27%
4/25/2022,78.05,78.21,78.46,77.41,8.67M,-0.71%
4/22/2022,78.61,78.85,79.01,78.53,3.89M,-0.37%
4/21/2022,78.9,79.03,79.11,78.69,3.62M,-0.01%
4/20/2022,78.91,79.12,79.31,78.86,3.42M,-0.15%
4/19/2022,79.03,78.91,79.35,78.81,3.46M,-0.04%
4/18/2022,79.06,78.8,79.12,78.72,6.20M,0.16%
4/14/2022,78.93,78.96,79.17,78.85,4.57M,-0.21%
4/13/2022,79.1,79.33,79.38,78.79,5.95M,-0.55%
4/12/2022,79.54,79.59,79.82,79.41,4.74M,0.08%
4/11/2022,79.48,80,80.25,79.42,4.40M,-0.76%
4/8/2022,80.09,80.05,80.45,79.91,3.15M,-0.02%
4/7/2022,80.11,80.13,80.45,79.98,3.94M,0.00%
4/6/2022,80.11,79.95,80.51,79.95,4.88M,-0.34%
4/5/2022,80.38,80.61,81.13,80.26,3.60M,-0.43%
4/4/2022,80.73,80.82,80.95,80.47,6.52M,-0.11%
4/1/2022,80.82,79.83,80.87,79.78,3.76M,0.89%
3/31/2022,80.11,80.4,80.75,79.93,7.49M,-0.31%
3/30/2022,80.36,80.51,80.66,80.31,5.13M,-0.48%
3/29/2022,80.75,80.15,80.75,80.15,5.53M,0.92%
3/28/2022,80.01,79.31,80.07,79.18,4.97M,0.52%
3/25/2022,79.6,79.67,79.97,79.5,5.38M,-0.03%
3/24/2022,79.62,79.35,79.65,78.96,3.72M,0.70%
3/23/2022,79.07,79.15,79.84,79.03,5.31M,-0.29%
3/22/2022,79.3,78.9,79.43,78.9,6.44M,0.58%
3/21/2022,78.84,78.84,79.1,78.4,7.75M,0.10%
3/18/2022,78.76,78.75,79.36,78.55,16.21M,-0.16%
3/17/2022,78.89,79.48,79.48,78.61,7.96M,-0.29%
3/16/2022,79.12,79.78,79.85,78.74,10.73M,-0.49%
3/15/2022,79.51,79.43,79.8,79.15,7.35M,-0.05%
3/14/2022,79.55,80.05,80.44,79.45,9.54M,-0.95%
3/11/2022,80.31,80.8,81.2,80.18,10.71M,-0.61%
3/10/2022,80.8,80.77,81.27,80.57,6.98M,-0.04%
3/9/2022,80.83,81.37,81.49,80.66,9.91M,-0.25%
3/8/2022,81.03,80.42,81.43,80.32,7.52M,0.60%
3/7/2022,80.55,81.18,81.5,80.4,8.55M,-1.08%
3/4/2022,81.43,81.36,81.83,81.29,7.53M,-0.09%
3/3/2022,81.5,81.55,81.65,81.09,7.02M,0.02%
3/2/2022,81.48,81.34,81.67,80.94,8.03M,0.74%
3/1/2022,80.88,81.14,81.5,80.57,8.03M,-0.76%
2/28/2022,81.5,81.05,81.57,80.89,10.27M,0.07%
2/25/2022,81.44,81.15,81.54,80.63,5.70M,0.53%
2/24/2022,81.01,80.1,81.18,80.02,10.39M,0.37%
2/23/2022,80.71,81.04,81.12,80.44,9.38M,-0.64%
2/22/2022,81.23,81.15,81.87,81.11,10.98M,0.22%
2/18/2022,81.05,81.04,81.53,80.93,7.75M,0.10%
2/17/2022,80.97,81.46,81.5,80.89,4.95M,-0.60%
2/16/2022,81.46,81.45,81.78,81.1,6.49M,-0.07%
2/15/2022,81.52,81.6,82,81.35,9.03M,0.02%
2/14/2022,81.5,81.49,81.63,81.11,7.06M,0.00%
2/11/2022,81.5,81.5,81.82,81.08,6.97M,0.06%
2/10/2022,81.45,81.12,81.94,81.08,9.06M,-0.06%
2/9/2022,81.5,80.55,81.86,80.15,11.36M,1.58%
2/8/2022,80.23,79.68,80.79,79.55,9.11M,0.92%
2/7/2022,79.5,79.79,79.98,79.32,9.06M,0.32%
2/4/2022,79.25,78.45,79.83,78.4,13.26M,0.38%
2/3/2022,78.95,79.25,79.79,78.7,19.96M,-0.38%
2/2/2022,79.25,79.08,79.7,78.93,17.39M,0.24%
2/1/2022,79.06,79.08,79.75,78.77,12.23M,0.06%
1/31/2022,79.01,78.87,79.44,77.91,11.65M,-0.16%
1/28/2022,79.14,78.8,79.14,77.76,11.20M,0.30%
1/27/2022,78.9,79.1,79.72,78.65,10.86M,0.15%
1/26/2022,78.78,79.64,79.91,78.63,10.31M,-0.43%
1/25/2022,79.12,79.75,80.59,79.01,14.40M,-1.06%
1/24/2022,79.97,80.74,81.84,79.45,24.38M,-1.70%
1/21/2022,81.35,81.91,82,81.15,17.14M,-0.50%
1/20/2022,81.76,82.29,83.04,81.65,19.00M,-0.47%
1/19/2022,82.15,82.64,83.06,81.5,30.48M,-0.19%
1/18/2022,82.31,86.76,86.9,81.45,120.27M,25.88%
1/14/2022,65.39,63.99,65.54,62.99,13.50M,1.90%
1/13/2022,64.17,64.91,65,64.01,12.79M,-0.99%
1/12/2022,64.81,65.23,65.54,63.81,13.99M,-1.58%
1/11/2022,65.85,63.09,65.99,62.93,10.73M,4.34%
1/10/2022,63.11,63.89,64.24,61.99,14.99M,-1.45%
1/7/2022,64.04,63.99,64.89,63.33,21.47M,0.34%
1/6/2022,63.82,66.16,66.26,63.71,15.07M,-3.73%
1/5/2022,66.29,67.2,67.86,66.26,14.99M,-1.35%
1/4/2022,67.2,67.84,68.01,66.93,9.46M,-0.33%
1/3/2022,67.42,66.44,67.67,65.8,13.21M,1.34%
12/31/2021,66.53,67.32,67.64,66.3,9.48M,-1.42%
12/30/2021,67.49,67.2,67.89,67.05,7.51M,0.49%
12/29/2021,67.16,66.57,67.18,66.19,9.05M,0.73%
12/28/2021,66.67,66.06,67.59,65.6,13.82M,1.86%
12/27/2021,65.45,65.24,65.74,65,10.64M,0.45%
12/23/2021,65.16,64.01,65.39,63.85,8.72M,1.65%
12/22/2021,64.1,63.26,64.12,63.14,15.09M,0.80%
12/21/2021,63.59,62.25,63.64,61.86,11.10M,2.90%
12/20/2021,61.8,61.01,62.23,60.67,8.37M,0.72%
12/17/2021,61.36,61.1,62.06,60.6,17.07M,-0.21%
12/16/2021,61.49,60.55,61.63,60.18,10.07M,2.04%
12/15/2021,60.26,59.11,60.51,58.83,7.39M,1.24%
12/14/2021,59.52,58.16,59.88,58.15,8.79M,1.40%
12/13/2021,58.7,58.6,59.45,58.02,8.65M,0.17%
12/10/2021,58.6,59.16,59.41,57.47,10.16M,-0.80%
12/9/2021,59.07,58.6,59.81,58.52,8.52M,-0.34%
12/8/2021,59.27,58.78,60.01,58.03,9.79M,0.85%
12/7/2021,58.77,58.92,59.27,58.28,11.55M,1.17%
12/6/2021,58.09,57.53,58.45,57.24,9.41M,1.27%
12/3/2021,57.36,56.98,57.44,56.4,13.29M,0.12%
12/2/2021,57.29,57.28,58.18,56.62,8.61M,0.02%
12/1/2021,57.28,59.11,59.21,57.19,11.61M,-2.25%
11/30/2021,58.6,60.01,60.43,58.44,19.29M,-2.84%
11/29/2021,60.31,60.88,60.95,59.65,7.75M,-0.51%
11/26/2021,60.62,61.28,61.68,60.18,8.31M,-0.48%
11/24/2021,60.91,61.84,61.84,60.75,9.68M,-1.39%
11/23/2021,61.77,61.85,62.92,61.33,16.57M,-0.69%
11/22/2021,62.2,60.93,62.41,59.78,16.59M,-0.29%
11/19/2021,62.38,63.75,64.09,62.17,14.49M,-0.46%
11/18/2021,62.67,63.6,64.05,60.9,24.25M,-2.38%
11/17/2021,64.2,65.53,65.64,63.5,28.77M,-2.93%
11/16/2021,66.14,70.55,72.14,65.46,38.24M,-6.09%
11/15/2021,70.43,69.32,70.68,68.14,11.63M,1.06%
11/12/2021,69.69,67.72,70.04,67.34,13.92M,3.24%
11/11/2021,67.5,67.25,67.53,66.02,13.24M,1.26%
11/10/2021,66.66,66.73,67.45,66.52,7.97M,-0.66%
11/9/2021,67.1,66.99,67.55,66.53,8.81M,0.42%
11/8/2021,66.82,68.43,68.43,66.62,12.83M,-1.49%
11/5/2021,67.83,68.57,68.78,66.92,13.72M,-0.59%
11/4/2021,68.23,67.47,68.74,66.65,16.20M,2.22%
11/3/2021,66.75,66.25,67.19,64.55,43.75M,-14.06%
11/2/2021,77.67,79.29,79.37,77.04,10.37M,-2.12%
11/1/2021,79.35,78.94,80.01,78.54,7.57M,1.48%
10/29/2021,78.19,78.93,79.37,77.73,8.37M,-0.87%
10/28/2021,78.88,78.6,78.96,76.65,10.84M,0.29%
10/27/2021,78.65,80.22,80.34,78.55,6.26M,-2.61%
10/26/2021,80.76,81.81,82.34,80.42,6.42M,-0.53%
10/25/2021,81.19,79.43,81.51,79.39,8.35M,2.42%
10/22/2021,79.27,78.62,80.92,78.62,6.96M,0.72%
10/21/2021,78.7,77.72,78.74,76.72,5.90M,0.79%
10/20/2021,78.08,77.52,78.08,77.08,4.54M,1.17%
10/19/2021,77.18,76.77,77.2,75.95,4.24M,1.02%
10/18/2021,76.4,76.14,76.72,75.24,5.42M,0.00%
10/15/2021,76.4,76.5,77.07,76.19,6.47M,0.38%
10/14/2021,76.11,75.94,77.16,75.57,5.47M,1.14%
10/13/2021,75.25,75.34,76.1,75.02,6.60M,0.44%
10/12/2021,74.92,76.45,76.54,74.59,6.64M,-1.83%
10/11/2021,76.32,77.74,77.76,76.26,6.33M,-1.66%
10/8/2021,77.61,77.76,78.36,77.25,8.89M,0.32%
10/7/2021,77.36,77.27,78.5,76.77,8.53M,0.09%
10/6/2021,77.29,75.93,78.03,75.69,9.48M,0.64%
10/5/2021,76.8,77.25,77.65,76.23,9.77M,-0.49%
10/4/2021,77.18,78.19,78.32,76.86,5.96M,-1.72%
10/1/2021,78.53,78.06,79.04,77.2,5.86M,1.47%
9/30/2021,77.39,77.56,78.41,77,7.54M,0.01%
9/29/2021,77.38,76.53,78.93,76.5,9.70M,1.38%
9/28/2021,76.33,74.66,77.08,74.66,11.16M,1.66%
9/27/2021,75.08,75.03,75.95,73.69,6.52M,-0.24%
9/24/2021,75.26,74.5,75.59,74.11,7.43M,0.79%
9/23/2021,74.67,73.13,75.47,72.71,9.31M,2.55%
9/22/2021,72.81,73.19,74.03,72.2,10.30M,-0.30%
9/21/2021,73.03,76.61,76.64,72.94,14.21M,-4.13%
9/20/2021,76.18,78.64,78.82,74.87,12.23M,-4.25%
9/17/2021,79.56,79.42,80.5,78,11.01M,0.35%
9/16/2021,79.28,78.32,79.6,78.04,9.38M,1.32%
9/15/2021,78.25,77.73,78.77,77.1,5.53M,0.53%
9/14/2021,77.84,78.78,78.89,77.66,6.24M,-0.88%
9/13/2021,78.53,80.12,80.76,78.15,7.34M,-1.39%
9/10/2021,79.64,78.16,80.84,77.34,12.10M,2.04%
9/9/2021,78.05,78.81,79.41,77.13,11.33M,-2.79%
9/8/2021,80.29,78.47,80.32,78.27,8.23M,2.32%
9/7/2021,78.47,81.4,81.42,77.89,15.54M,-3.34%
9/3/2021,81.18,81.21,81.65,80.78,5.61M,-0.16%
9/2/2021,81.31,82.75,82.85,81.14,8.43M,-1.20%
9/1/2021,82.3,82.73,83.38,82,6.23M,-0.08%
8/31/2021,82.37,81.48,83.38,81.2,9.48M,1.54%
8/30/2021,81.12,81.5,81.56,79.92,8.41M,-1.59%
8/27/2021,82.43,81.45,82.66,81.3,6.00M,1.45%
8/26/2021,81.25,81.59,82.49,81.19,7.36M,0.54%
8/25/2021,80.81,82.12,82.12,80,10.41M,-1.20%
8/24/2021,81.79,82.75,82.81,81.19,11.80M,-0.52%
8/23/2021,82.22,82.93,83.49,81.89,8.67M,-0.50%
8/20/2021,82.63,82.87,83.67,82.22,7.37M,-0.65%
8/19/2021,83.17,82.21,84.54,82.19,5.45M,0.41%
8/18/2021,82.83,83.6,84.14,82.77,4.56M,-0.65%
8/17/2021,83.37,83.05,84.39,82.47,4.78M,-0.57%
8/16/2021,83.85,83.5,84.03,83.05,4.32M,0.00%
8/13/2021,83.85,86.3,86.39,83.45,5.37M,-1.55%
8/12/2021,85.17,85.11,85.47,83.17,7.35M,0.20%
8/11/2021,85,83.51,86.23,83.07,13.39M,2.42%
8/10/2021,82.99,81.75,83.36,81.27,7.77M,1.94%
8/9/2021,81.41,81.86,82.39,81.24,6.08M,-1.24%
8/6/2021,82.43,79.9,82.5,79.9,9.69M,2.63%
8/5/2021,80.32,81.56,82.04,79.35,9.87M,-1.47%
8/4/2021,81.52,83.51,83.9,80.45,19.76M,2.12%
8/3/2021,79.83,80.99,81.45,77.81,17.33M,-3.54%
8/2/2021,82.76,84.03,84.17,82.54,6.22M,-1.03%
7/30/2021,83.62,83.15,84.65,82.85,7.06M,0.06%
7/29/2021,83.57,84.87,85.22,83.5,10.84M,-1.47%
7/28/2021,84.82,84.89,87.3,84.72,13.16M,0.92%
7/27/2021,84.05,89.94,89.94,81.56,23.14M,-6.76%
7/26/2021,90.14,91.03,91.4,89.99,4.59M,-1.49%
7/23/2021,91.5,90.66,91.73,90.02,3.89M,1.14%
7/22/2021,90.47,90.39,90.68,89.56,5.16M,-0.77%
7/21/2021,91.17,91.78,91.92,90.4,5.73M,-0.37%
7/20/2021,91.51,90.62,91.71,89.56,6.63M,1.34%
7/19/2021,90.3,91.75,92.25,89.89,7.74M,-1.63%
7/16/2021,91.8,90.87,92.39,90.84,7.41M,1.24%
7/15/2021,90.68,92.37,92.6,90.6,8.75M,-1.78%
7/14/2021,92.32,93.54,93.77,92.1,4.96M,-1.00%
7/13/2021,93.25,93.5,93.86,92.87,5.48M,0.37%
7/12/2021,92.91,93.33,93.42,92.43,4.05M,0.57%
7/9/2021,92.38,91.88,92.6,91.46,3.59M,0.22%
7/8/2021,92.18,92.4,93.05,91.75,6.13M,-1.21%
7/7/2021,93.31,95.26,95.27,93.14,3.44M,-1.15%
7/6/2021,94.4,94.47,95.2,93.68,3.83M,0.14%
7/2/2021,94.27,94.75,95.04,93.58,3.10M,0.39%
7/1/2021,93.9,95.07,95.4,93.22,5.06M,-1.61%
6/30/2021,95.44,95.72,95.99,95.14,4.37M,-0.18%
6/29/2021,95.61,95.42,95.91,94.07,4.16M,0.22%
6/28/2021,95.4,92.79,96.15,92.6,7.03M,3.40%
6/25/2021,92.26,92.64,93.74,92.17,8.94M,-0.27%
6/24/2021,92.51,91.86,93.07,91.55,5.64M,1.89%
6/23/2021,90.79,91.87,91.98,90.23,6.45M,-1.19%
6/22/2021,91.88,91.95,92.1,91.18,4.65M,0.07%
6/21/2021,91.82,91.88,92.76,90.86,4.66M,0.36%
6/18/2021,91.49,93.12,93.37,91.05,8.51M,-1.82%
6/17/2021,93.19,93.63,94.46,92.67,5.09M,-0.92%
6/16/2021,94.06,95.75,95.95,92.78,7.44M,-1.99%
6/15/2021,95.97,98.86,98.99,95.38,6.15M,-3.24%
6/14/2021,99.18,98.39,99.46,97.61,5.73M,1.05%
6/11/2021,98.15,97.8,98.36,97.36,4.11M,0.47%
6/10/2021,97.69,96.28,97.88,96.09,4.41M,1.20%
6/9/2021,96.53,97.35,97.93,96.38,3.61M,-0.28%
6/8/2021,96.8,97.45,97.61,96.59,2.60M,-0.33%
6/7/2021,97.12,96.89,97.29,96.28,2.66M,0.29%
6/4/2021,96.84,95.14,97.32,95.14,2.99M,1.96%
6/3/2021,94.98,94.5,95.71,94.07,3.81M,-0.43%
6/2/2021,95.39,96.33,96.65,94.98,3.28M,-1.10%
6/1/2021,96.45,97.26,97.6,96.13,3.50M,-0.82%
5/28/2021,97.25,97.44,98.08,97.17,3.09M,0.00%
5/27/2021,97.25,97,97.57,96.59,7.74M,-0.05%
5/26/2021,97.3,97.12,98.48,96.81,3.88M,0.76%
5/25/2021,96.57,96.87,97.37,96.27,3.28M,0.07%
5/24/2021,96.5,95.93,96.77,95.82,3.20M,1.18%
5/21/2021,95.37,96.97,97.07,95.25,5.43M,-1.24%
5/20/2021,96.57,94.64,97.23,94.58,6.74M,2.45%
5/19/2021,94.26,92.27,94.42,92.2,4.21M,0.64%
5/18/2021,93.66,92.55,95.35,92.25,6.26M,1.47%
5/17/2021,92.3,92.68,93.08,91.53,5.18M,-1.12%
5/14/2021,93.35,94.4,94.4,93.06,3.66M,-0.07%
5/13/2021,93.42,93.47,94.04,92.82,4.74M,0.82%
5/12/2021,92.66,94.28,94.8,92.26,6.18M,-2.81%
5/11/2021,95.34,93.66,95.77,92.94,6.53M,2.33%
5/10/2021,93.17,95.06,95.74,93.14,6.07M,-1.72%
5/7/2021,94.8,93.43,95.12,93.04,6.51M,1.90%
5/6/2021,93.03,90,93.52,89.64,8.02M,3.27%
5/5/2021,90.08,93.6,94.77,90,13.08M,1.57%
5/4/2021,88.69,90.84,90.97,87.44,15.15M,-2.70%
5/3/2021,91.15,91.7,92.02,90.79,6.64M,-0.04%
4/30/2021,91.19,91.36,91.99,90.89,6.61M,-0.98%
4/29/2021,92.09,91.67,92.16,91.08,4.80M,0.92%
4/28/2021,91.25,92.29,92.3,91,6.69M,-0.38%
4/27/2021,91.6,94.51,94.86,91.26,8.92M,-2.80%
4/26/2021,94.24,92.62,94.39,92.51,5.06M,1.31%
4/23/2021,93.02,93.7,94.04,92.69,4.03M,-0.73%
4/22/2021,93.7,93.3,94.49,92.98,5.74M,0.56%
4/21/2021,93.18,93.48,93.56,91.89,8.00M,-1.37%
4/20/2021,94.47,96.27,96.33,94.12,4.50M,-1.59%
4/19/2021,96,96.93,97.58,95.33,4.80M,-0.50%
4/16/2021,96.48,98.1,98.1,96.05,7.13M,-1.33%
4/15/2021,97.78,97.05,98.04,96.4,7.32M,1.13%
4/14/2021,96.69,97.1,97.53,96.41,4.07M,-0.87%
4/13/2021,97.54,97,98.25,96.49,5.71M,1.46%
4/12/2021,96.14,95.1,96.28,95,4.72M,0.38%
4/9/2021,95.78,96.07,96.31,94.54,4.30M,-0.70%
4/8/2021,96.46,97.81,97.87,96.15,3.59M,-0.39%
4/7/2021,96.84,96.46,97.33,96.41,4.47M,-0.49%
4/6/2021,97.32,98.19,98.19,97.03,8.07M,-0.56%
4/5/2021,97.87,96.01,98.42,95.52,5.25M,2.44%
4/1/2021,95.54,93.94,95.7,93.74,6.09M,2.73%
3/31/2021,93,92.85,94.08,92.5,6.52M,0.37%
3/30/2021,92.66,92.44,92.88,90.79,6.15M,-1.45%
3/29/2021,94.02,92.25,94.92,92.03,8.66M,1.75%
3/26/2021,92.4,91.24,92.49,90.77,6.16M,1.71%
3/25/2021,90.85,90.41,91.13,89.06,5.02M,0.38%
3/24/2021,90.51,91.55,91.55,89.67,4.80M,-0.95%
3/23/2021,91.38,92.59,92.6,91.08,4.43M,-0.53%
3/22/2021,91.87,90.63,92.53,90.55,4.29M,1.53%
3/19/2021,90.49,89.69,91.54,89.69,13.50M,1.02%
3/18/2021,89.58,90.74,91.63,89.17,6.69M,-3.09%
3/17/2021,92.44,92.4,92.93,90.82,4.64M,-0.90%
3/16/2021,93.28,93.56,94.8,92.93,4.55M,0.76%
3/15/2021,92.57,92.87,93.05,91.4,3.15M,-0.49%
3/12/2021,93.04,91.89,93.13,91.15,3.28M,0.10%
3/11/2021,92.94,92.97,93.83,92.43,4.47M,1.79%
3/10/2021,91.31,93.26,93.7,91.09,4.28M,-1.29%
3/9/2021,92.5,91.6,93.69,91.6,6.33M,3.69%
3/8/2021,89.21,91.75,92.83,89.13,6.74M,-3.64%
3/5/2021,92.58,92.2,93.39,90.32,8.35M,1.14%
3/4/2021,91.54,93.08,94.56,90.74,5.78M,-2.32%
3/3/2021,93.71,96.29,96.53,92.88,5.28M,-3.14%
3/2/2021,96.75,98.91,98.99,96.59,3.98M,-2.00%
3/1/2021,98.72,97.09,98.92,96.89,5.14M,3.25%
2/26/2021,95.61,96,97.21,95.16,6.39M,0.54%
2/25/2021,95.1,95.32,96.42,93.79,5.41M,-0.62%
2/24/2021,95.69,95.45,96.06,94.52,5.93M,-0.76%
2/23/2021,96.42,95.07,96.85,93.55,6.24M,-0.17%
2/22/2021,96.58,99.82,99.82,96.41,6.15M,-4.19%
2/19/2021,100.8,102.95,103.08,100.58,4.37M,-1.42%
2/18/2021,102.25,101.83,102.4,100.94,5.09M,-0.10%
2/17/2021,102.35,102.58,103.37,101.81,3.74M,-0.59%
2/16/2021,102.96,103.82,104.53,102.48,3.77M,-0.82%
2/12/2021,103.81,102.78,103.89,102.14,3.02M,0.55%
2/11/2021,103.24,103.5,104.21,102.55,3.31M,0.47%
2/10/2021,102.76,103.04,103.44,101.25,4.74M,0.03%
2/9/2021,102.73,101.95,103.77,101.06,5.30M,1.52%
2/8/2021,101.19,102.05,103.08,100.39,5.97M,-0.41%
2/5/2021,101.61,100.66,104.23,100,17.05M,9.64%
2/4/2021,92.68,93.35,94.42,92.41,8.30M,-0.10%
2/3/2021,92.77,93.89,94.07,92.59,6.67M,-1.29%
2/2/2021,93.98,92.04,94.18,91.81,5.78M,2.80%
2/1/2021,91.42,91.48,92.16,90.86,4.27M,0.46%
1/29/2021,91,90,91.33,89.74,7.03M,0.81%
1/28/2021,90.27,89.57,91.42,89.01,6.69M,1.80%
1/27/2021,88.67,91,91,88.21,12.15M,-4.02%
1/26/2021,92.38,93.35,93.68,92.14,6.42M,-1.09%
1/25/2021,93.4,95.53,95.76,92.74,5.37M,-1.09%
1/22/2021,94.43,94.68,95.23,93.82,3.76M,-0.18%
1/21/2021,94.6,95.47,95.7,94.21,4.49M,-0.55%
1/20/2021,95.12,93.96,95.87,93.57,5.70M,2.11%
1/19/2021,93.15,90.92,93.37,90.83,5.71M,2.71%
1/15/2021,90.69,89.99,90.75,88.57,8.46M,0.78%
1/14/2021,89.99,90.16,91.24,89.65,5.47M,0.25%
1/13/2021,89.77,89.64,90.33,88.44,4.22M,0.58%
1/12/2021,89.25,91,91.18,87.96,5.40M,-1.83%
1/11/2021,90.91,91.3,91.85,90.55,6.69M,-0.43%
1/8/2021,91.3,90.07,91.37,89.53,4.41M,1.82%
1/7/2021,89.67,88.86,90.75,88.27,6.14M,1.90%
1/6/2021,88,89.06,89.9,87.89,7.42M,-2.97%
1/5/2021,90.69,90.32,90.75,89.1,4.54M,0.88%
1/4/2021,89.9,92.69,92.91,89.22,7.42M,-3.18%
12/31/2020,92.85,91.74,92.99,91.53,4.31M,1.39%
12/30/2020,91.58,91.75,92.6,91.43,2.69M,0.23%
12/29/2020,91.37,91.63,92.11,90.85,3.74M,-0.07%
12/28/2020,91.43,91.76,92.26,90.77,4.38M,0.52%
12/24/2020,90.96,90.3,91.22,90.28,2.27M,0.83%
12/23/2020,90.21,89.95,90.49,88.8,4.73M,0.88%
12/22/2020,89.42,89.44,89.61,88.3,5.09M,0.69%
12/21/2020,88.81,89.48,90.05,87.18,7.30M,-1.73%
12/18/2020,90.37,89.04,90.78,88.29,14.08M,2.16%
12/17/2020,88.46,88.87,89.35,86.98,6.80M,0.27%
12/16/2020,88.22,87.26,88.29,86.84,6.97M,1.50%
12/15/2020,86.92,86.25,86.96,85.59,5.95M,1.14%
12/14/2020,85.94,84.27,86.26,84.07,7.51M,2.70%
12/11/2020,83.68,83.13,84.04,82.87,5.86M,0.69%
12/10/2020,83.11,82.28,83.93,81.68,8.50M,0.64%
12/9/2020,82.58,83.5,83.68,81.87,11.12M,-1.26%
12/8/2020,83.63,82.48,83.64,81.99,6.74M,1.65%
12/7/2020,82.27,81.4,82.95,81.18,6.73M,1.72%
12/4/2020,80.88,78.72,80.93,78.64,6.41M,2.65%
12/3/2020,78.79,79.31,79.81,78.55,4.86M,-0.45%
12/2/2020,79.15,79.72,80.01,78.74,4.78M,-0.98%
12/1/2020,79.93,79.94,79.99,78.63,5.80M,0.57%
11/30/2020,79.48,78.32,79.73,77.78,15.24M,1.71%
11/27/2020,78.14,77.7,78.21,76.66,3.38M,2.13%
11/25/2020,76.51,75.93,77.14,75.65,4.82M,1.70%
11/24/2020,75.23,75.93,76.05,74.91,7.26M,-0.91%
11/23/2020,75.92,76.92,77.34,75.11,6.95M,-1.16%
11/20/2020,76.81,75.7,77.71,75.5,6.73M,1.16%
11/19/2020,75.93,73.96,76.7,73.74,8.75M,0.57%
11/18/2020,75.5,76.95,77.07,75.26,9.29M,-2.09%
11/17/2020,77.11,77.52,78.8,77.01,6.21M,-0.43%
11/16/2020,77.44,76.72,77.5,75.57,7.88M,-0.14%
11/13/2020,77.55,77.5,77.7,76.61,5.60M,1.10%
11/12/2020,76.71,77.12,78.4,76.53,4.88M,0.21%
11/11/2020,76.55,76.35,76.69,75.71,5.51M,1.90%
11/10/2020,75.12,74.8,76.24,73.21,8.66M,-0.38%
11/9/2020,75.41,75,78.23,71.19,13.72M,-4.31%
11/6/2020,78.81,79.87,80.14,77.27,7.58M,-1.66%
11/5/2020,80.14,80.74,81.68,79.89,6.58M,0.97%
11/4/2020,79.37,78.93,80.02,77.67,8.63M,4.08%
11/3/2020,76.26,76.58,77.68,75.76,6.82M,-0.18%
11/2/2020,76.4,76.55,77.77,75.7,7.31M,0.88%
10/30/2020,75.73,77.45,78.28,74.37,11.98M,-2.62%
10/29/2020,77.77,78.96,79.47,77.13,9.88M,-1.57%
10/28/2020,79.01,80.18,80.68,78.93,5.91M,-2.41%
10/27/2020,80.96,81,81.49,80.08,5.47M,0.58%
10/26/2020,80.49,80.75,81.76,79.76,4.24M,-0.68%
10/23/2020,81.04,81,81.38,79.89,4.30M,0.33%
10/22/2020,80.77,82.21,82.21,79.57,4.34M,-1.43%
10/21/2020,81.94,80.99,82.59,80.72,5.31M,2.25%
10/20/2020,80.14,80.5,81.13,79.6,3.37M,0.07%
10/19/2020,80.08,82.28,82.5,79.81,4.46M,-0.67%
10/16/2020,80.62,80.95,81.61,80.52,4.68M,0.34%
10/15/2020,80.35,81.02,81.47,80.11,3.86M,-1.89%
10/14/2020,81.9,82.51,82.96,81.08,5.52M,-0.10%
10/13/2020,81.98,81.44,82.46,80.46,5.27M,1.13%
10/12/2020,81.06,79.28,81.92,78.95,6.72M,3.64%
10/9/2020,78.21,78.19,78.75,77.72,5.43M,0.53%
10/8/2020,77.8,78.7,78.96,77.35,5.49M,-0.85%
10/7/2020,78.47,78.68,78.93,77.66,5.42M,0.22%
10/6/2020,78.3,79.77,80.64,78.12,4.89M,-2.11%
10/5/2020,79.99,79.36,80.17,78.4,5.56M,2.16%
10/2/2020,78.3,81.99,81.99,78.13,8.79M,-5.30%
10/1/2020,82.68,81.72,83.54,81.38,6.04M,2.14%
9/30/2020,80.95,80.61,82.01,80.4,7.45M,0.21%
9/29/2020,80.78,81.83,82,80.54,4.83M,-1.43%
9/28/2020,81.95,81.63,82.02,80.5,3.84M,1.20%
9/25/2020,80.98,79.88,81.33,79.06,4.95M,1.62%
9/24/2020,79.69,79.28,80.89,79.25,5.02M,-0.55%
9/23/2020,80.13,82.53,83.15,79.89,5.85M,-3.05%
9/22/2020,82.65,82.31,83.28,80.75,6.24M,1.52%
9/21/2020,81.41,79.64,81.46,79.16,6.29M,1.65%
9/18/2020,80.09,79.33,80.64,78.08,9.41M,1.68%
9/17/2020,78.77,78.06,79.19,77.71,7.61M,-1.53%
9/16/2020,79.99,81.68,82.39,79.82,5.00M,-2.15%
9/15/2020,81.75,80,82.21,79.78,6.50M,3.32%
9/14/2020,79.12,79.04,79.42,78.48,6.22M,1.47%
9/11/2020,77.97,79.83,80.52,77.63,6.02M,-1.42%
9/10/2020,79.09,80.29,81.11,78.73,8.46M,-0.63%
9/9/2020,79.59,77.85,80,77.26,6.98M,4.48%
9/8/2020,76.18,76.58,77.49,75.92,11.03M,-3.58%
9/4/2020,79.01,79.1,79.8,75.68,8.95M,-1.62%
9/3/2020,80.31,82.96,83,79.41,8.00M,-3.76%
9/2/2020,83.45,83.58,84.02,82.47,7.13M,0.14%
9/1/2020,83.33,83.84,84.49,82.6,5.96M,-0.23%
8/31/2020,83.52,82.81,83.93,82.69,6.27M,0.37%
8/28/2020,83.21,83.95,84.03,82.31,4.65M,-0.82%
8/27/2020,83.9,85,85,82.78,4.22M,-0.69%
8/26/2020,84.48,83.83,84.94,83.54,7.05M,1.03%
8/25/2020,83.62,82.93,83.85,82.37,3.66M,0.63%
8/24/2020,83.1,83.34,83.66,81.91,4.28M,-0.13%
8/21/2020,83.21,84.05,84.09,82.73,5.10M,-0.93%
8/20/2020,84,82.02,84.22,81.86,5.60M,2.46%
8/19/2020,81.98,82.95,83.73,81.73,5.57M,-1.38%
8/18/2020,83.13,82.6,83.28,81.59,4.48M,1.39%
8/17/2020,81.99,80.97,82.05,80.17,7.09M,1.98%
8/14/2020,80.4,81.97,82.3,79.98,9.39M,-1.09%
8/13/2020,81.29,82.29,82.96,81.21,5.33M,-0.51%
8/12/2020,81.71,79.75,81.97,79.62,6.20M,3.27%
8/11/2020,79.12,81.21,81.21,78.71,9.10M,-3.82%
8/10/2020,82.26,82.45,83.5,80.88,8.02M,-0.25%
8/7/2020,82.47,84.43,85.4,80.99,9.18M,-5.03%
8/6/2020,86.84,87.12,87.52,85.5,9.59M,2.99%
8/5/2020,84.32,84.58,86,83.5,12.56M,-2.46%
8/4/2020,86.45,86.77,86.99,83.96,16.11M,1.96%
8/3/2020,84.79,84.55,85.05,82.9,8.59M,2.61%
7/31/2020,82.63,82.81,83.45,81.76,8.92M,1.14%
7/30/2020,81.7,80.53,81.99,79.91,4.03M,0.62%
7/29/2020,81.2,81.26,81.44,80.62,2.96M,0.59%
7/28/2020,80.72,81.3,81.86,80.61,3.64M,-1.11%
7/27/2020,81.63,80.75,81.79,80.59,3.78M,2.05%
7/24/2020,79.99,79.32,80.75,78.12,4.37M,0.48%
7/23/2020,79.61,81.63,82.65,79.38,5.96M,-1.84%
7/22/2020,81.1,80.97,81.36,80.44,2.94M,0.42%
7/21/2020,80.76,81.66,81.66,79.62,5.50M,-0.49%
7/20/2020,81.16,79.07,81.37,78.68,5.56M,3.20%
7/17/2020,78.64,79.41,79.85,77.95,6.24M,-0.92%
7/16/2020,79.37,78.7,79.48,77.88,4.95M,0.28%
7/15/2020,79.15,78.52,79.58,77.45,6.99M,-0.78%
7/14/2020,79.77,76.5,79.88,76.25,4.88M,2.33%
7/13/2020,77.95,81.65,82.01,77.53,7.44M,-4.09%
7/10/2020,81.27,80.72,81.53,79.63,6.07M,0.78%
7/9/2020,80.64,79.92,80.71,78.85,6.01M,1.72%
7/8/2020,79.28,79.03,79.34,77.98,4.86M,0.99%
7/7/2020,78.5,79,80.38,78.39,6.04M,-0.22%
7/6/2020,78.67,78.46,79.43,78.12,6.04M,1.50%
7/2/2020,77.51,78.86,79.11,77.04,5.17M,-0.67%
7/1/2020,78.03,75.45,78.23,74.97,10.19M,2.81%
6/30/2020,75.9,75.68,76.43,75.42,6.54M,0.53%
6/29/2020,75.5,75.97,76.51,74.96,5.10M,-1.18%
6/26/2020,76.4,76.54,76.84,74.65,11.57M,0.25%
6/25/2020,76.21,76.37,76.75,74.48,6.16M,0.83%
6/24/2020,75.58,76.45,77.1,74.45,7.74M,-1.14%
6/23/2020,76.45,76.64,77.62,76.26,4.47M,0.43%
6/22/2020,76.12,76.62,77.17,75.88,5.24M,-0.60%
6/19/2020,76.58,76.18,76.75,75.09,10.39M,0.75%
6/18/2020,76.01,75.97,76.34,74.91,7.27M,0.64%
6/17/2020,75.53,73.56,76.46,73.33,12.76M,3.47%
6/16/2020,73,74.03,74.13,72.27,6.36M,-0.26%
6/15/2020,73.19,71.69,73.53,71.35,6.49M,2.11%
6/12/2020,71.68,71.5,73.21,70.25,5.92M,0.56%
6/11/2020,71.28,73.14,74.33,71.03,7.81M,-3.44%
6/10/2020,73.82,72.38,74.24,72.38,9.11M,2.53%
6/9/2020,72,71.28,72.16,70.23,6.25M,1.80%
6/8/2020,70.73,68.64,70.76,68.34,6.94M,1.87%
6/5/2020,69.43,67.99,69.59,67.4,8.62M,-0.54%
6/4/2020,69.81,69.62,71.01,69.1,7.63M,-0.16%
6/3/2020,69.92,72.39,72.52,69.7,10.52M,-4.19%
6/2/2020,72.98,72.78,72.99,71.1,6.52M,-0.01%
6/1/2020,72.99,72.01,73.58,71.75,4.93M,1.40%
5/29/2020,71.98,70.66,72.21,69.82,11.44M,2.51%
5/28/2020,70.22,69.97,71.72,69.73,7.90M,0.10%
5/27/2020,70.15,69.6,70.28,66.6,13.22M,0.21%
5/26/2020,70,73.13,73.16,69.77,11.63M,-4.21%
5/22/2020,73.08,73.03,73.15,72.24,5.16M,0.84%
5/21/2020,72.47,73.94,74.48,72.44,9.52M,-1.78%
5/20/2020,73.78,73.49,74.52,73.35,6.23M,1.03%
5/19/2020,73.03,72.72,74.44,72.72,5.51M,0.21%
5/18/2020,72.88,73.79,74.66,72.47,8.50M,-1.41%
5/15/2020,73.92,72.62,73.97,72.3,5.85M,1.32%
5/14/2020,72.96,73.58,73.85,71.63,6.75M,-0.96%
5/13/2020,73.67,72.44,75,72,8.81M,1.97%
5/12/2020,72.25,75.26,75.49,71.95,8.92M,-4.25%
5/11/2020,75.46,73.06,75.97,72.6,9.29M,3.17%
5/8/2020,73.14,73.18,74,72.51,6.09M,0.05%
5/7/2020,73.1,72.31,73.64,71.12,8.65M,0.32%
5/6/2020,72.87,74,74.79,71.03,21.71M,6.33%
5/5/2020,68.53,67.67,69.63,66.97,15.46M,2.74%
5/4/2020,66.7,65.33,66.89,65.23,7.78M,3.06%
5/1/2020,64.72,63.14,64.93,62.85,5.10M,1.55%
4/30/2020,63.73,64.82,65.46,63.41,9.90M,-1.64%
4/29/2020,64.79,64.15,65.2,62.34,8.57M,1.46%
4/28/2020,63.86,67,67.33,63.72,7.91M,-4.77%
4/27/2020,67.06,67.4,67.77,66.51,6.14M,0.62%
4/24/2020,66.65,66.07,66.88,65.8,7.32M,1.17%
4/23/2020,65.88,66.98,67.58,65.82,5.90M,-1.64%
4/22/2020,66.98,66.7,67.12,64.73,6.69M,1.92%
4/21/2020,65.72,66.24,67.04,64.97,7.78M,-1.17%
4/20/2020,66.5,66.62,67.15,65.96,5.11M,-0.57%
4/17/2020,66.88,66.5,67,64.89,10.94M,-1.72%
4/16/2020,68.05,66.45,68.32,65.55,11.28M,3.56%
4/15/2020,65.71,62.63,66.06,62.25,9.41M,3.84%
4/14/2020,63.28,63.98,64,62.72,7.16M,0.84%
4/13/2020,62.75,60.32,63,60.02,8.05M,3.79%
4/9/2020,60.46,61.28,61.8,59.55,8.40M,-1.00%
4/8/2020,61.07,60.36,61.49,59.91,7.42M,2.00%
4/7/2020,59.87,62.53,62.55,58.12,14.93M,-2.81%
4/6/2020,61.6,61.13,62.4,60.1,10.08M,2.70%
4/3/2020,59.98,61.26,61.72,58.77,7.15M,-1.32%
4/2/2020,60.78,58.27,61.09,58.01,8.03M,5.70%
4/1/2020,57.5,58,59.61,57.06,7.32M,-3.33%
3/31/2020,59.48,58.04,60.1,57.83,10.13M,1.73%
3/30/2020,58.47,58.34,59.75,57.51,9.31M,2.65%
3/27/2020,56.96,56.5,58.62,55.78,8.51M,-1.32%
3/26/2020,57.72,53.47,57.77,53.47,9.99M,9.17%
3/25/2020,52.87,54.53,55.65,52.59,11.19M,-2.87%
3/24/2020,54.43,58.73,61.23,53.84,14.89M,-3.61%
3/23/2020,56.47,52.81,57.66,52.33,19.60M,8.49%
3/20/2020,52.05,55.25,55.6,51.38,12.92M,-3.84%
3/19/2020,54.13,55.6,58.09,53.81,10.15M,-2.63%
3/18/2020,55.59,52.95,58.21,52.08,14.55M,-1.01%
3/17/2020,56.16,53.66,57,50.51,10.80M,6.44%
3/16/2020,52.76,53.11,57.07,52.48,10.46M,-10.64%
3/13/2020,59.04,57,59.05,53.1,9.94M,8.21%
3/12/2020,54.56,55.1,57.49,52.83,11.64M,-8.04%
3/11/2020,59.33,58.75,60.46,58.4,10.53M,-2.27%
3/10/2020,60.71,59.45,61.12,57.93,15.38M,5.86%
3/9/2020,57.35,56.6,59.12,55.4,13.17M,-4.37%
3/6/2020,59.97,59.65,60.88,58.35,9.75M,-2.52%
3/5/2020,61.52,60.78,62.3,60.34,6.98M,-1.65%
3/4/2020,62.55,60,62.59,59.59,7.31M,6.47%
3/3/2020,58.75,60.56,61.82,58.14,9.83M,-3.04%
3/2/2020,60.59,58.3,60.65,57.91,9.48M,4.23%
2/28/2020,58.13,56.29,58.18,55.92,10.46M,-0.34%
2/27/2020,58.33,57.8,60.29,57.52,9.01M,-1.75%
2/26/2020,59.37,59.74,60.5,58.96,8.28M,-0.24%
2/25/2020,59.51,61.8,62.02,59.31,10.45M,-4.49%
2/24/2020,62.31,61.21,63.2,61.01,6.10M,-1.69%
2/21/2020,63.38,63.82,63.93,63.07,3.48M,-0.97%
2/20/2020,64,64.02,64.53,62.93,4.22M,-0.57%
2/19/2020,64.37,64,64.43,63.79,4.87M,0.99%
2/18/2020,63.74,63.36,64.12,63.26,5.32M,0.35%
2/14/2020,63.52,62.69,63.54,62.31,4.24M,1.49%
2/13/2020,62.59,62.25,62.94,62,3.64M,-0.33%
2/12/2020,62.8,61.5,63.12,61.44,5.24M,2.63%
2/11/2020,61.19,61.93,61.93,60.58,5.35M,-0.71%
2/10/2020,61.63,61.42,61.95,60.77,5.28M,0.16%
2/7/2020,61.53,61.33,62.84,60.38,12.94M,2.11%
2/6/2020,60.26,59.19,60.64,59,9.59M,2.40%
2/5/2020,58.85,60.14,60.14,58.44,5.99M,-0.61%
2/4/2020,59.21,58.86,59.38,57.37,6.65M,1.72%
2/3/2020,58.21,58.64,58.9,58.09,4.83M,-0.46%
1/31/2020,58.48,60.2,60.3,58.35,8.18M,-3.96%
1/30/2020,60.89,59.92,60.9,59.92,5.29M,0.81%
1/29/2020,60.4,60.49,60.57,59.9,4.34M,0.62%
